{"weights": [[0.47614771183781174], [0.19971359716957762], [0.14889605217912494]], "bias": 0.060742778395784285}