{"weights": [[0.8553147184997748], [0.15968670346980549]], "bias": 0.25564928379710566}