{"weights": [[0.2835295320405739], [0.1531194995102665]], "bias": 0.0009492599616811473}