{"weights": [[0.8694631498133998], [0.1464904606993082]], "bias": 0.1793461657271551}